<?xml version="1.0" encoding="UTF-8"?>
<!DOCTYPE suite SYSTEM "https://testng.org/testng-1.0.dtd">
<suite name="Academic Suite">
	
	<listeners>
		
		<listener class-name="com.qa.listeners.ExtentListeners" />
		
	</listeners>
	
	
	
	<test name="Student Admission">
		<classes>
			<class name="com.qa.tests.academic.StudentAdmissionTests"/>
		</classes>
	</test>
	<!-- Test -->
	
	
	
	<test name="Student Registration">
		<classes>
			<class name="com.qa.tests.academic.RegistrationTests"/>
		</classes>
	</test>
	<!-- Test -->
	
	
	
	<test name="Fees Collection">
		<classes>
			<class name="com.qa.tests.academic.FeesCollectionTests"/>
		</classes>
	</test>
	<!-- Test -->
	
	
	<test name="Outstanding Fees">
		<classes>
			<class name="com.qa.tests.academic.OutstandingFeesTests"/>
		</classes>
	</test>
	<!-- Test -->
	
	
	
	<test name="Outstanding Fees Report">
		<classes>
			<class name="com.qa.tests.academic.OutsatndingFeesReportTests"/>
		</classes>
	</test>
	<!-- Test -->
	
	
	<!--<test name="Student Ledger">
		<classes>
			<class name="com.qa.tests.academic.StudentLedgerTests"/>
		</classes>
	</test>
	
	
	
	
	<test name="Demand Report">
		<classes>
			<class name="com.qa.tests.academic.DemandReportTests"/>
		</classes>
	</test>
	 Test -->
	
	
	<test name="DCR Report">
		<classes>
			<class name="com.qa.tests.academic.DcrReportTests"/>
		</classes>
	</test>
	<!-- Test -->
	
	

	
	
</suite> <!-- Suite -->
