<?xml version="1.0" encoding="UTF-8"?>
<!DOCTYPE suite SYSTEM "https://testng.org/testng-1.0.dtd">
<suite name="Attendance Suite">
	
	<listeners>
		
		<listener class-name="com.qa.listeners.ExtentListeners" />
		
	</listeners>
	
	
<!-- 	<test name="Attendance Session Creation">
		<classes>
			<class name="com.qa.tests.attendance.SessionCreationTests"/>
		</classes>
	</test>
	Test -->
	
		<test name="Theory Batch Creation">
		<classes>
			<class name="com.qa.tests.attendance.TheoryBatchCreationTests"/>
		</classes>
	</test>
	<!-- Test -->
	
	<test name="Practical Batch Creation">
		<classes>
			<class name="com.qa.tests.attendance.PracticalBatchCreationTests"/>
		</classes>
	</test>
	<!-- Test -->
	
		<test name="Theory Batch Allottment">
		<classes>
			<class name="com.qa.tests.attendance.TheoryBatchAllottmentTests"/>
		</classes>
	</test>
	<!-- Test -->

	
	<test name="Practical Batch Allottment">
		<classes>
			<class name="com.qa.tests.attendance.PracticalBatchAllottmentTests"/>
		</classes>
	</test>
	<!-- Test -->
	
	<!--
	<test name="Subject Teacher Allottment">
		<classes>
			<class name="com.qa.tests.attendance.SubjectTeacherAllottmentTests"/>
		</classes>
	</test>
	  -->
	  
	  	<test name="Theory Batch Registration">
		<classes>
			<class name="com.qa.tests.attendance.StudentTheoryBatchRegistrationTests"/>
		</classes>
	</test>

	<test name="Practical Batch Registration">
	<classes>
			<class name="com.qa.tests.attendance.StudentPracticalBatchRegistrationTests"/>
		</classes>
	</test>
	
	
	<test name="Slot Allottment">
		<classes>
			<class name="com.qa.tests.attendance.SlotAllottmentTests"/>
		</classes>
	</test>
	<!-- Test -->
	
	
<!--	<test name="Timetable Creation">-->
<!--		<classes>-->
<!--			<class name="com.qa.tests.attendance.TimetableCreationTest"/>-->
<!--		</classes>-->
<!--	</test>-->
	<!-- Test -->
	
	
<!-- 	<test name="Student Attendance">
		<classes>
			<class name="com.qa.tests.attendance.StudentAttendanceTest"/>
		</classes>
	</test> -->
	<!-- Test -->
	
	
	
</suite> <!-- Suite -->
