<?xml version="1.0" encoding="UTF-8"?>
<!DOCTYPE suite SYSTEM "https://testng.org/testng-1.0.dtd">
<suite name="Examination Suite">
	
	<listeners>

		<listener class-name="com.qa.listeners.ExtentListeners" />

	</listeners>
	
	
	<test name="Regular Exam">
		<classes>
			<class name="com.qa.tests.examination.RegularExamTest"/>
		</classes>
	</test>
	<!-- Test -->
		
	
		<test name="Regular Exam Test Student">
		<classes>
			<class name="com.qa.tests.examination.RegularExamTest_Student"/>
		</classes>
		</test>
	
	<!-- 
			<test name="UnlockResultAndRegistrationTest">
		<classes>
			<class name="com.qa.tests.examination.UnlockResultAndRegistrationTest"/>
		</classes>
			</test>
	-->
	
	<!-- Test -->
		
		
		
		
		
		
		
		
	
</suite> <!-- Suite -->
