<?xml version="1.0" encoding="UTF-8"?>
<!DOCTYPE suite SYSTEM "https://testng.org/testng-1.0.dtd">
<suite name="ITLE Suite">
	
	<listeners>

		<listener class-name="com.qa.listeners.ExtentListeners" />

	</listeners>
	

	<test name="Create Objective Tests CIMS">
		<classes>
			<class name="com.qa.tests.itle_elearning.CreateObjectiveTestsCIMS"/>
		</classes>
	</test>
	<!-- Test -->
		
	
	<test name="Appear Objective Tests CIMS">
		<classes>
			<class name="com.qa.tests.itle_elearning.AppearObjectiveTestsCIMS"/>
		</classes>
	</test>
	<!-- Test -->

</suite> <!-- Suite -->
