<?xml version="1.0" encoding="UTF-8"?>
<!DOCTYPE suite SYSTEM "https://testng.org/testng-1.0.dtd">
<suite name="StudentCertificate Suite">
	
	<listeners>
		
		<listener class-name="com.qa.listeners.ExtentListeners" />
		
	</listeners>
	

	
	<test name="Students Tc">
		<classes>
			<class name="com.qa.tests.StudentsCertificates.StudentsTcTests"/>
		</classes>
	</test>
	<!-- Test -->
	
	
<!-- 	<test name="Student IDCard FrontPrint">
		<classes>
			<class name="com.qa.tests.StudentsCertificates.StudentIDCardFrontPrintTests"/>
		</classes>
	</test>
	
	
	<test name="Student IDCard BackPrint">
		<classes>
			<class name="com.qa.tests.StudentsCertificates.StudentIDCardBackPrintTests"/>
		</classes>
	</test>
	 Test -->
	
</suite> <!-- Suite -->
